,blockNumber,timeStamp,hash,nonce,blockHash,from,contractAddress,to,tokenID,tokenName,tokenSymbol,tokenDecimal,transactionIndex,gas,gasPrice,gasUsed,cumulativeGasUsed,input,confirmations,is_sender,datetime,year,month,day
0,11196730,1604572989,0xa6bb1dc1f55b420c38c1b649a0dd876033e76bc355c0b21b1e9813c3279f7070,1402,0x64011fa31c9bcf58d88ec01a491d712125b2b0d9f6f7674623f19e52c1d25409,0x0000000000000000000000000000000000000000,0x10b66bd1e3b5a936b7f8dbc5976004311037cdf0,0x99fd1378ca799ed6772fe7bcdc9b30b389518962,644020164020832837323824042034066105759368773145,tBTC Deposit Token,TDT,0,72,2138257,24300000000,1708401,9158989,deprecated,3834798,0.0,2020-11-05 20:43:09,2020,11,5
1,11197127,1604578124,0xc59ef6d36450dbb9475e46f1ed5c2191179290d4187137032a167c2202c22ccc,1415,0x6380b871d543f1dff97068c15c2c7f62b233c2920203eda82a356eea26fa589a,0x99fd1378ca799ed6772fe7bcdc9b30b389518962,0x10b66bd1e3b5a936b7f8dbc5976004311037cdf0,0x526c08e5532a9308b3fb33b7968ef78a5005d2ac,644020164020832837323824042034066105759368773145,tBTC Deposit Token,TDT,0,73,202796,42953761852,172117,6117272,deprecated,3834401,1.0,2020-11-05 22:08:44,2020,11,5
2,11197127,1604578124,0xc59ef6d36450dbb9475e46f1ed5c2191179290d4187137032a167c2202c22ccc,1415,0x6380b871d543f1dff97068c15c2c7f62b233c2920203eda82a356eea26fa589a,0x0000000000000000000000000000000000000000,0xaf3fff06b75f99352d8c2a3c4bef1339a2f94789,0x99fd1378ca799ed6772fe7bcdc9b30b389518962,644020164020832837323824042034066105759368773145,tBTC Fee Rebate Token,FRT,0,73,202796,42953761852,172117,6117272,deprecated,3834401,0.0,2020-11-05 22:08:44,2020,11,5
3,14003055,1642155533,0x3b090f82ece39affbb009d708a177c240f6c5b14dadb42c4bfb9071fd96d1abc,6506,0xd99be3f6e0d7ad6b86407723dab60703ef91d960ed6ffa6a16965108fcda0d42,0x0000000000000000000000000000000000000000,0x9d90308d16b94c38048c782bdd8104a964758a23,0x99fd1378ca799ed6772fe7bcdc9b30b389518962,4766,fees.wtf NFT,fees.wtf,0,21,553720,130116788397,365808,1180691,deprecated,1028473,0.0,2022-01-14 20:18:53,2022,1,14
4,14012169,1642278049,0xca20754df4f72fd854229361141fbcae5a881da2efd0c17ff752c8353f31613e,88,0x8b383f5947bfa5f044ea61ecb8041fbb1fe6b06a80351bc34d06eaac7ca57805,0x0000000000000000000000000000000000000000,0x72e07e22f7639365be1536fbaf49daa01d1f99b5,0x99fd1378ca799ed6772fe7bcdc9b30b389518962,42,AvaPepes,AVAPEPE,0,56,294715,130281661311,196477,2970317,deprecated,1019359,0.0,2022-01-16 06:20:49,2022,1,16
5,14012172,1642278086,0xad2cbf44b68694e7fd78660bb223a7a9fec3394ad26b9aaad30d6ce2d4f4a923,89,0xb8cabd39e6f4d15fbd2934e8b52f1c81835afd2cc04c6c69a1a4207dd8aba7a6,0x0000000000000000000000000000000000000000,0xf54b166b66d9113a40ae55a4fea30bb806cdb23d,0x99fd1378ca799ed6772fe7bcdc9b30b389518962,42,MetaWarden,MWAD,0,38,294715,145828602675,196477,2535229,deprecated,1019356,0.0,2022-01-16 06:21:26,2022,1,16
6,14019355,1642373590,0x1fdabd159f394b64825709eeba0eafcae3724ee7ab453d033cbd7de92537880a,7,0xe36695d24f080aad0713d01cb84720889df21cd779df1647cac6a020a2137b85,0x0000000000000000000000000000000000000000,0x727132c902218131c5e511f2f55b26f25a938fe1,0x99fd1378ca799ed6772fe7bcdc9b30b389518962,502,Quties,QTS,0,78,1477579,114577233231,1477579,6755299,deprecated,1012173,0.0,2022-01-17 08:53:10,2022,1,17
7,14024868,1642446868,0xb5e9ef5c1ef0b02bf58d966b4ec2f42a182dd9c3c58b03c9e31bd744bdb39c2b,3,0x17e62154e0779efc01041e770ab8e9d0d61af5a5e1de077a2517b229620e6b59,0x0000000000000000000000000000000000000000,0x0a5b5d11647744d0c3f88e8615040c01f9842047,0x99fd1378ca799ed6772fe7bcdc9b30b389518962,502,Snowies Club,SNOC,0,36,1477579,143622661664,1477579,4253326,deprecated,1006660,0.0,2022-01-18 05:14:28,2022,1,18
8,14029681,1642511479,0x121132c99281f8ecdc14b7963bb0859e89ce55134e149ee3fb361566f068bf50,3,0xede29442a5987b6474be32e320a6c9270bc444fa621a84d9207f46a30f6de084,0x0000000000000000000000000000000000000000,0x2c906bb58e6f083b4322cd9ad72feb0e93016137,0x99fd1378ca799ed6772fe7bcdc9b30b389518962,503,Tiny Bones Club,TBC,0,42,1477591,112977231328,1477591,4316323,deprecated,1001847,0.0,2022-01-18 23:11:19,2022,1,18
9,14031898,1642540206,0x59e4db89b40d1a374a5166a498cca20e30bdcff6ecc4a331dce44eb7848f4a50,3,0x775b14b02de562f9325972ca2a6b92df2c93fc6cc01a3479657937539881aa94,0x0000000000000000000000000000000000000000,0xf978b85c899522d48d927a2ab010ab5570a13907,0x99fd1378ca799ed6772fe7bcdc9b30b389518962,503,Time Frog,TF,0,92,1477591,113111109665,1477591,6970569,deprecated,999630,0.0,2022-01-19 07:10:06,2022,1,19
10,14327317,1646489393,0xd693d9e3a08194c471e1fb0448bf8f48219008ece43f26f2e016e668b8c3430c,21,0x986e366835ec03bed6595bf3c4ce081430dbf44ac45f917303a288f2cbadeb32,0x0000000000000000000000000000000000000000,0xf0ebd6cca49718563d9fdaa2b4690fec9fc9361c,0x99fd1378ca799ed6772fe7bcdc9b30b389518962,147,Gucci,GUCCI,0,125,2097964,26686374434,1726008,9585902,deprecated,704211,0.0,2022-03-06 00:09:53,2022,3,6
11,14327814,1646495918,0x5af0e49ec8f3f1c196fb273ddbf4b3f7df1cbeee238c199e738ab8082b4e66cc,99,0x489b0128d5c16c62dc8bf0b9fca6adf2bac13db255923bd56f506c3dc2e8a885,0x0000000000000000000000000000000000000000,0xc4b87b74dd61edd9fc00fc31db251324ff13dce9,0x99fd1378ca799ed6772fe7bcdc9b30b389518962,406,Louis Vuitton,LV,0,29,2106427,24652444308,1732950,3666738,deprecated,703714,0.0,2022-03-06 01:58:38,2022,3,6
12,14328060,1646499311,0xbd5f91fa5cf4f98f5e841f145981a2cb12f057d03feb9970b6668e017bce27ce,73,0x2da4aea136b7a36bb1eccedf29f9360e9120c31b3352303dfcbda0da8ccdfde7,0x0000000000000000000000000000000000000000,0x0c5932213a9b70b91625caeea7d22b5a16b108ae,0x99fd1378ca799ed6772fe7bcdc9b30b389518962,204,Coca Cola,CocaCola,0,121,2106427,33531427624,1732950,11063677,deprecated,703468,0.0,2022-03-06 02:55:11,2022,3,6
13,14328455,1646504466,0x50ab5e58aebd19f1c6cf3ce4d6aa5e242ded0e93a74fc9619962334f2b2547ff,73,0x187645199c7663563c1fe73954ab3e6adf570c557b6dc8180765e4c3a8a34aae,0x0000000000000000000000000000000000000000,0x1192ea1c8831acb03fb8fc804be8020a2c694aae,0x99fd1378ca799ed6772fe7bcdc9b30b389518962,245,Hermes,HERMES,0,8,2106427,38126865933,1732950,2312518,deprecated,703073,0.0,2022-03-06 04:21:06,2022,3,6
14,14359757,1646924095,0xb07623d4d691cac3fd4c2a94bffd809c0c230affed4f21ee52661b86ddd0d995,144,0x2291387088a5dbd5915d3ad0f9be6fd0f24a7e64dfb4df9f4cc4dd22ab05b0d2,0x0000000000000000000000000000000000000000,0x7f4d09419d231eda3a2ebe36fa84a2cf44ad5afb,0x99fd1378ca799ed6772fe7bcdc9b30b389518962,552,Louis Vuitton,LV,0,256,2106427,25870342532,1732950,19637257,deprecated,671771,0.0,2022-03-11 00:54:55,2022,3,11
15,14378664,1647179187,0x05d5accb95c8ad8a247791efdf9d4a9078c892a993038ad65514a7988f08c592,70,0xbcfe76e899c2f54c1aa6063ff6d18bc6e99463cf9efc60b76e9cd0b5732dbc4f,0x0000000000000000000000000000000000000000,0xcdd02e7849cbbfeaf6401cfdc434999ff5fc0f04,0x99fd1378ca799ed6772fe7bcdc9b30b389518962,18,Nintendo,Nintendo,0,100,2106427,20569058553,1732950,8537273,deprecated,652864,0.0,2022-03-13 23:46:27,2022,3,13
16,14384883,1647263105,0x15eb7bf4190e89321e0e009aa832ce53fbe966c2353478480b386d6aba708a09,498,0x04eaa412054d2f4ffcb4d7121ba7e6481f4e0d115a72405da677e6e0bfdb18ea,0x0000000000000000000000000000000000000000,0x0e7dfcc6c9dcb9ea928b4328cd6ff16f8bcab1c4,0x99fd1378ca799ed6772fe7bcdc9b30b389518962,133,Rolex,Rolex,0,89,1767205,20998134588,1453926,8351683,deprecated,646645,0.0,2022-03-14 23:05:05,2022,3,14
17,14384884,1647263124,0x9ee681e8b813c0531d818b4c0eeb07bbea7b310bdbe6128744191e07b72a5041,153,0x64cc7b91b71d736a7947c33db39293ccc6abf7756e3b21d9bcb59dd73e040965,0x0000000000000000000000000000000000000000,0xcdd02e7849cbbfeaf6401cfdc434999ff5fc0f04,0x99fd1378ca799ed6772fe7bcdc9b30b389518962,28,Nintendo,Nintendo,0,65,1767205,23371238956,1453926,5101725,deprecated,646644,0.0,2022-03-14 23:05:24,2022,3,14
18,14390675,1647340970,0x4e26de1cb27bb77901e7643d7e13a0acbe145a50d4e39e297cf24a1720934c60,231,0x525fe86cb23172ae2f92e344606cfea701f08bc0a148366df4814a3f0945ad81,0x0000000000000000000000000000000000000000,0x38797ea75becceb8381201525cf29c7d651f3cf5,0x99fd1378ca799ed6772fe7bcdc9b30b389518962,279,APPLE,APPLE,0,64,1767205,19514632994,1453926,8240510,deprecated,640853,0.0,2022-03-15 20:42:50,2022,3,15
19,14390716,1647341470,0xc5cd9e1626e27a964b2b44ce1c6fb90d5290bb519aada0d8eaa28647b3cf3eff,74,0x60bd9b1511668ce5b3e194637b8e07e39bde4461ab0382a72cf05b52a1fe8690,0x0000000000000000000000000000000000000000,0x367aa3704cb821e9ee639e9c38dc9986931ead59,0x99fd1378ca799ed6772fe7bcdc9b30b389518962,441,PATEK PHILIPPE,PATEKPHILIPPE,0,67,1767205,15555109703,1453926,5809285,deprecated,640812,0.0,2022-03-15 20:51:10,2022,3,15
20,14430079,1647870884,0x4f02f33c3f47b0e6d87281c4db07db458d1b0583c68e58a7dbc0299a56861b65,19,0x2a85da183b06f8a0d23ab9825e7dcbcb3bc15a985c0c9c70f3fe9b8e36f702a2,0x0000000000000000000000000000000000000000,0x82c4132cb5dc7ab5feaaed84565d97eceef187f8,0x99fd1378ca799ed6772fe7bcdc9b30b389518962,611,Rolex,Rolex,0,223,2554749,34789980888,2101942,15888793,deprecated,601449,0.0,2022-03-21 23:54:44,2022,3,21
21,14430256,1647873245,0xeee980ed5cdce1b3f3fa46785ea6daed174aba7600bf9e14a4bbf99f6677c6a9,1,0x12b0b9629cecbdd4a80b9fba572b6196f8f827aa068bfb71e0c69b4373ec963e,0x0000000000000000000000000000000000000000,0x967c33b7d2e12fdea41246b913c939adcaa197ec,0x99fd1378ca799ed6772fe7bcdc9b30b389518962,56,Warner Bros nft,WARNER,0,138,2554749,42535621830,2101942,14414380,deprecated,601272,0.0,2022-03-22 00:34:05,2022,3,22
22,14430371,1647874491,0x60fb634374afadf47b43c21e6f22076538b22614cd4c328479ce81bf7e4ad1c9,26,0xd3bb7d7ab385992b9b0faec5835cf1138020fdef87ec248a34368c952906632d,0x0000000000000000000000000000000000000000,0x82c4132cb5dc7ab5feaaed84565d97eceef187f8,0x99fd1378ca799ed6772fe7bcdc9b30b389518962,551,Rolex,Rolex,0,72,2554749,28112019641,2101942,7187917,deprecated,601157,0.0,2022-03-22 00:54:51,2022,3,22
23,14436145,1647952445,0x7c9656085d0d1f86b84c0ef77fcf7c9bc54ce6addab938ca2037f066c376134f,16,0x1fb2b68b41c5e93b9567283ed764528933dc317ea3b62f12ee12ec7fdbf4a14b,0x0000000000000000000000000000000000000000,0xd4592a882ed0890e50f3b412d781a3785b35a8f4,0x99fd1378ca799ed6772fe7bcdc9b30b389518962,197,Nintendo,Nintendo,0,54,1683229,22827541008,1384998,4321148,deprecated,595383,0.0,2022-03-22 22:34:05,2022,3,22
24,14436190,1647953035,0x9da0b0b51ea32f0d8cc9ec8d432f78fc2a03704d00012a0ce347de2227cf3569,16,0x872f91b114a39535d8cc1ea545243acd4c33dbdce465ae93658104f6ecc690c2,0x0000000000000000000000000000000000000000,0x7dfab68901069d3cad519786312ba1dceea6baf2,0x99fd1378ca799ed6772fe7bcdc9b30b389518962,299,Rolex,Rolex,0,283,1683229,26809340790,1384998,18185454,deprecated,595338,0.0,2022-03-22 22:43:55,2022,3,22
25,14436727,1647960716,0xeda3972be26d38351cd41563de2e8d3ee2274afb8a679b1b85d796514696e30d,22,0x0da95a77521cebc72f58fdbb7bbb180166d717db8614bd152758adb679667b31,0x0000000000000000000000000000000000000000,0x69571e01cb938e35face5946f0abafa60afc6567,0x99fd1378ca799ed6772fe7bcdc9b30b389518962,274,PATEK PHILIPPE,PATEKPHILIPPE,0,116,1683229,35941798112,1384998,7675266,deprecated,594801,0.0,2022-03-23 00:51:56,2022,3,23
26,14442174,1648033531,0xe52e8aa458d0bff702b6ce94d219a27ad0536d43ced5ae863a4f550cc37797cb,2,0x2d194094c130d43d9397492f3da056b576ddbe8f0975bc372d128619d8888162,0x0000000000000000000000000000000000000000,0x65520e470ef88b166553df3ade2f61530591ae47,0x99fd1378ca799ed6772fe7bcdc9b30b389518962,232,Rolex,Rolex,0,69,1683229,22056136449,1384998,5300250,deprecated,589354,0.0,2022-03-23 21:05:31,2022,3,23
27,14442182,1648033638,0x351405768963af8ff3eb828f54d9003b14035a68e7dc1706b4cacca71cb42bf2,5,0x0b127787960402c02a56d1f63d5bed8acd2354233ae17f0102709db111f0ca27,0x0000000000000000000000000000000000000000,0x6e12d9f59bbf97ee7601a50258ffdf070f076136,0x99fd1378ca799ed6772fe7bcdc9b30b389518962,169,Balenciaga,Balenciaga,0,105,1683229,25718948767,1384998,5341433,deprecated,589346,0.0,2022-03-23 21:07:18,2022,3,23
28,14442458,1648037301,0xe25b73e80ea924309bdd45728bac48b332043c3e2275043d0932453e4228b3cf,20,0xa83f90f15c59a7d062e3e32b6d697f905d763189591bb03a2d90e65d0cd5785b,0x0000000000000000000000000000000000000000,0x0251f87d5274bd3cfec3650a67ec0612a85f7195,0x99fd1378ca799ed6772fe7bcdc9b30b389518962,198,PATEK PHILIPPE,PATEKPHILIPPE,0,25,1683229,19616910075,1384998,3680196,deprecated,589070,0.0,2022-03-23 22:08:21,2022,3,23
29,14442672,1648040122,0x3b0e1f8a04c1bb772835c5551900b196e3e02cdd8ef588bd6b65a501543cf0b3,40,0x48a57bc373f8200795e56d5963ec697688684fee11f45c3b261858f1ed3841e3,0x0000000000000000000000000000000000000000,0xca971321cb76bf6839b3dd690a39f307776e9616,0x99fd1378ca799ed6772fe7bcdc9b30b389518962,344,APPLE,APPLE,0,221,1683229,20174059704,1384998,10333965,deprecated,588856,0.0,2022-03-23 22:55:22,2022,3,23
30,14442915,1648043250,0x73d71a53fcf137d860cd2657afdf06218674fc8bec5a889131c4248ffe67f7b7,30,0x4c6c125b53d71f7a8701682d7f5d64626111f4ca5eb1d03ec8ab0c7c01664260,0x0000000000000000000000000000000000000000,0xd67b069399189615ef209ffe0c527d377ed4654f,0x99fd1378ca799ed6772fe7bcdc9b30b389518962,340,Louis Vuitton Watch,LV Watch,0,205,1683229,28452548227,1384998,12238225,deprecated,588613,0.0,2022-03-23 23:47:30,2022,3,23
31,14448514,1648118733,0x5d664ea4cbcb4576340f6652e022bc6a054dac7da78d578433d897e34e54ccce,2,0x01a6cc0984970b1bdbd4a6484a4d3d1beedf26a4d75c53eb08bd6fc8399761f8,0x0000000000000000000000000000000000000000,0xa6d76618cdc40dc99b3c909b839bafa3af44cb41,0x99fd1378ca799ed6772fe7bcdc9b30b389518962,295,Dolce Gabbana,DG,0,239,1422747,26295678348,1170056,14599975,deprecated,583014,0.0,2022-03-24 20:45:33,2022,3,24
32,14448538,1648119205,0x8435b6eed319359c09448c0c410a40214f042700c4cb8b767875600a65e6c049,19,0xc9b45a4a93e1fee5fd4eebf61df0871c4dc8ce589bd97116d10b8c1beead269e,0x0000000000000000000000000000000000000000,0xda97f98832dfd9ca0f3c35a629e1e59e8b2c3845,0x99fd1378ca799ed6772fe7bcdc9b30b389518962,295,Rolex,Rolex,0,145,1419529,33428606245,1167416,9677238,deprecated,582990,0.0,2022-03-24 20:53:25,2022,3,24
33,14532499,1649250033,0xad963267771b585b5fd23ed1fc931222bae6123f4619ce7a9e2a86972cefbabf,14,0x12f5945a09a0055f118da0c7339c90e3dcc616587c5ce966651119df6bdc5542,0x0000000000000000000000000000000000000000,0x0bffc67227c0a3432a906a1c59c83459e5bfbdc4,0x99fd1378ca799ed6772fe7bcdc9b30b389518962,234,BAYC Otherside Land,BAYC,0,105,1778682,42294042531,1462683,8999395,deprecated,499029,0.0,2022-04-06 23:00:33,2022,4,6
34,14536071,1649298600,0xaa1629395416aea1a0058c904a0cf8a92965e730edd29eb80b0fb13d4901f60c,3,0xa72d97619a661d0c81b911ee2d30aa50a0fa24809f638435a18d842b0bc58c91,0x0000000000000000000000000000000000000000,0x8643c0c6205ae25539cc16bf324cf50898136fea,0x99fd1378ca799ed6772fe7bcdc9b30b389518962,234,NIKE X RTFKT,RTFKT,0,38,1778682,44043326613,1462683,4179407,deprecated,495457,0.0,2022-04-07 12:30:00,2022,4,7
35,14538868,1649336068,0xd815c5fa7fcd01dfbc0239f67b6fd5fa2d8f7490d326c425e78eaf5df56816c4,57,0xb7bc729056c76df7c3fdc27dca4eba0fd060e330644a229e9e860cf67ba31dd6,0x0000000000000000000000000000000000000000,0xb795cc2d42c7921e8d6c38b4a4c05d401ad4900d,0x99fd1378ca799ed6772fe7bcdc9b30b389518962,234,Louis Vuitton Ape,LV Ape,0,248,1778682,44228081601,1462683,23900622,deprecated,492660,0.0,2022-04-07 22:54:28,2022,4,7
36,14538960,1649337361,0x598893bc5c675f0d41802ff41a8e27b5fa75d39adfed8efa617ba38cb5aedcad,12,0x45f045abd893a0bdea7f8a35e0829cf4852a34a65c3154eb1835682b4b23cf34,0x0000000000000000000000000000000000000000,0xccb3984229af23a91fce57767ae2d086957808c1,0x99fd1378ca799ed6772fe7bcdc9b30b389518962,306,OmniDiyApes,DIYAPE,0,325,1520068,54391410789,1520068,29409215,deprecated,492568,0.0,2022-04-07 23:16:01,2022,4,7
